id,born,x,y,seatKind,insideRealm,alive,nCity,nStateless,nRealms,freeShare,km2,blocKm2,members,lived
2,13987,140,46,seat,0,0,1,0,1,0.7333,0,0,1,10013
3,13987,140,46,seat,0,0,1,0,1,0.7333,0,0,0,1650
4,13987,140,46,seat,0,0,1,0,1,0.7333,0,0,0,113
5,13987,140,46,seat,0,0,1,0,1,0.7333,0,0,0,1650
6,14137,140,46,seat,1,0,1,0,1,0.7111,0,0,0,1500
7,14137,140,46,seat,1,0,1,0,1,0.7111,0,0,0,1800
8,14137,140,46,seat,1,0,1,0,1,0.7111,0,0,0,1800
9,14137,140,46,seat,1,0,1,0,1,0.7111,0,0,0,1800
10,14137,140,46,seat,1,0,1,0,1,0.7111,0,0,0,113
11,14137,140,46,seat,1,0,1,0,1,0.7111,0,0,0,1800
12,14287,140,46,seat,1,0,1,0,1,0.6667,0,0,0,1350
13,14287,140,46,seat,1,0,1,0,1,0.6667,0,0,0,1500
14,14287,140,46,seat,1,0,1,0,1,0.6667,0,0,0,1800
15,14287,140,46,seat,1,0,1,0,1,0.6667,0,0,0,1800
16,14287,140,46,seat,1,0,1,0,1,0.6667,0,0,0,1200
17,14287,140,46,seat,1,0,1,0,1,0.6667,0,0,0,1800
18,14437,140,46,seat,1,0,1,0,1,0.6444,0,0,0,600
19,14437,140,46,seat,1,0,1,0,1,0.6444,0,0,0,1650
20,14437,140,46,seat,1,0,1,0,1,0.6444,0,0,0,1650
21,14437,140,46,seat,1,0,1,0,1,0.6444,0,0,0,1050
22,14437,140,46,seat,1,0,1,0,1,0.6444,0,0,0,3450
23,14737,140,46,seat,1,0,1,0,1,0.6444,0,0,0,1350
24,14737,135,40,seat,0,0,3,0,3,0.9677,0,0,0,2813
25,14737,136,40,seat,0,0,1,0,1,0.8710,0,0,0,3750
26,14737,136,40,seat,0,0,1,0,1,0.8710,0,0,0,1650
27,14887,136,40,seat,0,0,1,0,1,0.4516,0,0,0,1500
28,14887,136,40,seat,0,0,1,0,1,0.4516,0,0,0,3750
29,14887,136,40,seat,0,0,1,0,1,0.4516,0,0,0,1800
30,14887,140,46,seat,1,0,1,0,1,0.6889,0,0,0,6000
31,14887,136,40,seat,0,0,1,0,1,0.4516,0,0,0,3450
32,14887,136,40,seat,0,0,1,0,1,0.4516,0,0,0,1200
33,14887,136,40,seat,1,0,1,0,1,0.4516,0,0,0,300
34,15037,136,40,seat,1,0,1,0,1,0.4516,0,0,0,750
35,15037,136,40,seat,1,1,1,0,1,0.4516,107664,107664,2,8963
36,15037,136,40,seat,1,0,1,0,1,0.4516,0,0,0,4713
37,15037,140,46,seat,1,0,1,0,1,0.5111,0,0,0,213
38,15100,132,41,land,0,0,1,0,1,0.8378,0,0,0,8900
40,15300,138,40,land,0,0,13,0,12,0.3871,0,0,0,4837
39,15337,140,46,seat,1,0,1,0,1,0.6444,0,0,0,3450
41,15487,140,46,seat,1,0,1,0,1,0.4444,0,0,0,3300
42,15500,132,40,land,0,0,12,0,10,0.8000,0,0,0,8500
43,15637,140,46,seat,1,0,1,0,1,0.4667,0,0,0,750
46,15700,137,47,land,0,0,26,0,20,0.8444,0,0,0,8300
44,15787,140,46,seat,1,0,1,0,1,0.6000,0,0,0,1650
45,15787,140,46,seat,1,0,1,0,1,0.6000,0,0,0,2100
53,15900,137,46,land,0,0,24,0,21,0.8000,0,0,0,8100
47,15937,140,46,seat,1,0,1,0,1,0.6222,0,0,0,1650
48,15937,140,46,seat,1,0,1,0,1,0.6222,0,0,0,3000
50,15937,140,46,seat,1,0,1,0,1,0.6222,0,0,0,1350
51,15937,140,46,seat,1,0,1,0,1,0.6222,0,0,0,1500
52,15937,140,46,seat,1,0,1,0,1,0.6222,0,0,0,1350
54,15937,140,46,seat,1,0,1,0,1,0.6222,0,0,0,1650
55,16087,140,46,seat,1,0,1,0,1,0.6000,0,0,0,1800
56,16087,140,46,seat,1,0,1,0,1,0.6000,0,0,0,3000
57,16087,140,46,seat,1,0,1,0,1,0.6000,0,0,0,1800
58,16087,140,46,seat,1,0,1,0,1,0.6000,0,0,0,1800
59,16087,140,46,seat,1,0,1,0,1,0.6000,0,0,0,1800
60,16087,140,46,seat,1,0,1,0,1,0.6000,0,0,0,1350
62,16100,138,46,land,0,0,26,0,22,0.6889,0,0,0,7900
49,16128,134,44,seat,0,0,0,0,0,0.9111,0,0,0,1459
61,16237,140,46,seat,1,0,1,0,1,0.6000,0,0,0,1650
63,16237,140,46,seat,1,0,1,0,1,0.6000,0,0,0,5550
64,16237,140,46,seat,1,0,1,0,1,0.6000,0,0,0,313
65,16237,140,46,seat,1,0,1,0,1,0.6000,0,0,0,163
66,16687,140,45,seat,1,0,29,0,22,0.4222,0,0,0,2850
68,16687,138,40,seat,0,0,8,0,7,0.3548,0,0,0,4350
69,16687,138,40,seat,0,0,8,0,7,0.3548,0,0,0,2100
70,16837,140,46,seat,1,0,2,0,2,0.4444,0,0,0,1800
71,16837,140,46,seat,1,0,2,0,2,0.4444,0,0,0,2850
72,16987,141,50,seat,0,0,6,0,6,0.5333,0,0,0,2763
73,16987,140,47,seat,1,0,32,0,27,0.2222,0,492180,1,7013
74,16987,173,42,seat,0,1,5,0,5,0.7234,107664,107664,2,7013
75,16987,140,47,seat,1,0,32,0,27,0.2222,0,0,0,1650
76,16987,174,42,seat,0,0,1,0,1,0.7234,0,0,1,7013
77,16987,140,47,seat,1,0,32,0,27,0.2222,0,0,0,1800
78,16987,174,42,seat,0,0,1,0,1,0.7234,0,0,0,1800
79,16987,140,47,seat,1,0,32,0,27,0.2222,0,0,0,1800
80,16987,174,42,seat,0,0,1,0,1,0.7234,0,0,0,1800
81,16987,168,38,seat,0,1,2,0,2,0.8235,30761,215329,1,7013
82,16987,140,47,seat,1,0,32,0,27,0.2222,0,0,0,2700
83,16987,168,39,seat,0,0,1,0,1,0.7959,0,0,0,900
84,16987,174,42,seat,0,0,1,0,1,0.7234,0,0,0,3000
102,17100,168,40,land,0,0,7,0,7,0.7391,0,0,0,6900
85,17137,140,46,seat,1,0,14,0,14,0.3333,0,0,0,1950
86,17137,140,47,seat,1,0,32,0,27,0.3333,0,0,0,1050
87,17137,168,39,seat,0,0,1,0,1,0.8367,0,0,0,900
88,17137,174,42,seat,0,0,1,0,1,0.6809,0,0,0,1650
89,17137,140,47,seat,1,0,32,0,27,0.3333,0,0,0,1500
90,17137,168,39,seat,1,0,1,0,1,0.8367,0,0,0,1050
91,17137,174,42,seat,1,0,1,0,1,0.6809,0,0,0,1650
92,17137,140,47,seat,1,0,32,0,27,0.3333,0,0,0,1650
93,17137,168,39,seat,1,0,1,0,1,0.8367,0,0,0,1650
94,17137,174,42,seat,1,0,1,0,1,0.6809,0,0,0,1650
95,17137,140,47,seat,1,0,32,0,27,0.3333,0,0,0,1650
96,17137,168,39,seat,1,0,1,0,1,0.8367,0,0,0,1650
97,17137,174,42,seat,1,0,1,0,1,0.6809,0,0,0,1650
98,17137,138,40,seat,1,0,8,0,7,0.2581,0,0,0,113
99,17137,140,47,seat,1,0,32,0,27,0.3333,0,0,0,1650
100,17137,168,39,seat,1,0,1,0,1,0.8367,0,0,0,1800
101,17137,174,42,seat,1,0,1,0,1,0.6809,0,0,0,1800
103,17137,140,47,seat,1,0,32,0,27,0.3333,0,0,0,2700
104,17137,168,39,seat,1,0,1,0,1,0.8367,0,0,0,2550
105,17137,174,42,seat,1,0,1,0,1,0.6809,0,0,0,3150
106,17287,140,47,seat,1,0,32,0,26,0.2667,0,0,0,1650
107,17287,168,39,seat,1,0,1,0,1,0.8367,0,0,0,1650
108,17287,174,42,seat,1,0,1,0,1,0.6809,0,0,0,1650
109,17287,140,47,seat,1,0,32,0,26,0.2667,0,0,0,1650
110,17287,168,39,seat,1,0,1,0,1,0.8367,0,0,0,1650
111,17287,174,42,seat,1,0,1,0,1,0.6809,0,0,0,3150
112,17287,140,47,seat,1,0,32,0,26,0.2667,0,0,0,1650
113,17287,168,39,seat,1,0,1,0,1,0.8367,0,0,0,1650
114,17287,140,47,seat,1,0,32,0,26,0.2667,0,0,0,1650
115,17287,140,47,seat,1,0,32,0,26,0.2667,0,0,0,1650
116,17287,168,39,seat,1,0,1,0,1,0.8367,0,0,0,2700
117,17287,140,47,seat,1,0,32,0,26,0.2667,0,0,0,2550
124,17300,167,40,land,0,0,12,0,12,0.8478,0,0,0,6700
135,17437,140,55,seat,0,0,5,0,5,0.9024,0,0,0,4863
120,17437,140,46,seat,1,0,26,0,26,0.3556,0,0,0,1650
121,17437,140,47,seat,1,0,32,0,25,0.4000,0,0,0,1650
122,17437,141,54,seat,0,0,1,0,1,0.8605,0,0,1,6563
123,17437,144,35,seat,0,0,1,1,0,0.9268,0,0,1,6563
125,17437,140,47,seat,1,0,32,0,25,0.4000,0,0,0,1650
126,17437,141,54,seat,0,0,1,0,1,0.8605,0,0,0,1650
127,17437,144,35,seat,0,0,1,1,0,0.9268,0,0,0,1650
128,17437,165,42,seat,0,1,4,0,4,0.4857,61522,61522,1,6563
129,17437,140,47,seat,1,0,32,0,25,0.4000,0,0,0,1650
130,17437,141,54,seat,0,0,1,0,1,0.8605,0,0,0,1650
131,17437,167,41,seat,0,0,13,0,13,0.3333,0,0,0,3450
132,17437,174,42,seat,1,0,1,0,1,0.6809,0,0,0,4200
133,17437,144,35,seat,0,0,1,1,0,0.9268,0,0,0,1650
134,17437,140,47,seat,1,0,32,0,25,0.4000,0,0,0,1650
136,17437,167,41,seat,0,0,13,0,13,0.3333,0,0,0,1413
137,17437,144,35,seat,0,0,1,1,0,0.9268,0,0,0,1650
138,17437,140,46,seat,1,0,26,0,26,0.3556,0,0,0,4800
139,17437,140,47,seat,1,0,32,0,25,0.4000,0,0,0,113
140,17437,167,41,seat,0,0,13,0,13,0.3333,0,0,0,3600
141,17437,144,35,seat,0,0,1,1,0,0.9268,0,0,0,3000
142,17437,138,40,seat,1,0,8,0,7,0.0968,0,0,0,263
143,17437,140,46,seat,1,0,26,0,26,0.3556,0,0,0,263
144,17437,140,47,seat,1,0,32,0,25,0.4000,0,0,0,1650
145,17437,141,54,seat,0,0,1,0,1,0.8605,0,0,0,4650
146,17437,167,41,seat,0,0,13,0,13,0.3333,0,0,0,263
147,17437,144,35,seat,0,0,1,1,0,0.9268,0,0,0,1650
118,17587,140,35,seat,0,1,13,0,13,0.8800,199948,199948,1,6413
148,17587,140,47,seat,1,0,29,0,25,0.3556,0,0,0,1500
149,17587,144,35,seat,1,0,1,0,1,0.9268,0,0,0,1500
150,17587,140,47,seat,1,0,29,0,25,0.3556,0,0,0,3000
151,17587,144,35,seat,1,0,1,0,1,0.9268,0,0,0,1800
152,17587,144,35,seat,1,0,1,0,1,0.9268,0,0,0,1800
153,17587,144,35,seat,1,0,1,0,1,0.9268,0,0,0,1800
154,17587,144,35,seat,1,0,1,0,1,0.9268,0,0,0,2550
155,17587,138,40,seat,1,0,8,0,7,0.1935,0,0,0,263
156,17587,140,46,seat,1,0,27,0,27,0.3111,0,0,0,1800
157,17587,144,35,seat,1,0,1,0,1,0.9268,0,0,0,1800
160,17600,134,41,land,0,0,7,0,6,0.6757,0,0,0,6400
158,17737,140,46,seat,1,0,27,0,27,0.3333,0,0,0,1650
159,17737,144,35,seat,1,0,1,0,1,0.4878,0,0,0,3150
161,17737,140,46,seat,1,0,27,0,27,0.3333,0,0,0,1650
162,17737,140,46,seat,1,0,27,0,27,0.3333,0,0,0,1800
163,17737,140,46,seat,1,0,27,0,27,0.3333,0,0,0,1800
164,17737,140,46,seat,1,0,27,0,27,0.3333,0,0,0,113
165,17737,140,46,seat,1,0,27,0,27,0.3333,0,0,0,1650
168,17800,133,41,land,0,0,7,0,6,0.6757,0,0,0,6200
166,17887,140,46,seat,1,0,31,0,31,0.2889,0,0,0,1950
167,17887,140,45,seat,1,0,54,0,48,0.2444,0,0,0,1650
169,17887,140,45,seat,1,0,54,0,48,0.2444,0,0,0,1650
170,17887,140,45,seat,1,0,54,0,48,0.2444,0,0,0,3750
171,17887,140,46,seat,1,0,31,0,31,0.2889,0,0,0,1800
184,18000,174,45,land,0,0,14,0,14,0.8140,0,0,0,6000
172,18037,140,46,seat,1,0,30,0,30,0.2889,0,0,0,1650
173,18037,140,47,seat,1,0,34,0,31,0.3333,0,0,0,3000
174,18037,149,38,seat,0,1,6,0,6,0.5106,92284,92284,3,5963
175,18037,140,46,seat,1,0,30,0,30,0.2889,0,0,0,1650
176,18037,147,36,seat,0,0,16,0,16,0.4490,0,0,0,5400
177,18037,140,46,seat,1,0,30,0,30,0.2889,0,0,0,1650
178,18037,147,36,seat,0,0,16,0,16,0.4490,0,0,0,1650
179,18037,140,46,seat,1,0,30,0,30,0.2889,0,0,0,3000
180,18037,147,36,seat,0,0,16,0,16,0.4490,0,0,0,3000
181,18037,138,40,seat,1,0,7,0,7,0.0968,0,0,0,213
182,18037,140,46,seat,1,0,30,0,30,0.2889,0,0,0,1650
183,18037,147,36,seat,0,0,16,0,16,0.4490,0,0,0,3450
185,18037,140,46,seat,1,0,30,0,30,0.2889,0,0,0,1800
186,18037,148,37,seat,1,0,5,0,5,0.4694,0,0,0,2550
193,18100,137,48,land,0,0,58,0,54,0.7333,0,0,0,5900
188,18187,168,39,seat,1,0,5,0,5,0.5918,0,0,0,1650
187,18187,148,37,seat,1,0,5,0,5,0.5510,0,0,0,1650
189,18187,140,46,seat,1,0,31,0,30,0.2667,0,0,0,3150
190,18187,148,37,seat,1,0,5,0,5,0.5510,0,0,0,1650
191,18187,140,47,seat,1,0,35,0,33,0.3111,0,0,0,1950
192,18187,148,37,seat,1,0,5,0,5,0.5510,0,0,0,1650
194,18187,148,37,seat,1,0,5,0,5,0.5510,0,0,0,2100
195,18187,148,37,seat,1,0,5,0,5,0.5510,0,0,0,1650
196,18187,148,37,seat,1,0,5,0,5,0.5510,0,0,0,1650
199,18200,173,44,land,0,0,14,0,14,0.6889,0,0,0,5800
205,18300,143,51,land,0,0,7,0,7,0.6889,0,0,0,5700
197,18337,140,46,seat,1,0,31,0,30,0.2889,0,0,0,1500
198,18337,148,37,seat,1,0,6,0,6,0.4286,0,0,0,3600
200,18337,147,36,seat,1,0,23,0,23,0.3878,0,0,0,4350
201,18337,138,40,seat,1,0,6,0,6,0.2258,0,0,0,1950
202,18337,140,46,seat,1,0,31,0,30,0.2889,0,0,0,3000
203,18337,141,54,seat,1,0,1,0,1,0.5814,0,0,0,4013
204,18337,168,39,seat,1,0,5,0,5,0.6327,0,0,0,213
209,18400,175,41,land,0,0,14,0,14,0.6596,0,0,0,5600
206,18487,138,40,seat,1,0,5,0,5,0.1935,0,0,0,1650
207,18487,144,35,seat,1,0,6,0,6,0.1220,0,0,0,3300
208,18487,138,40,seat,1,0,5,0,5,0.1935,0,0,0,3150
210,18500,143,52,land,0,0,7,0,7,0.6889,0,0,0,5500
211,18637,138,40,seat,1,0,4,0,4,0.1935,0,0,0,513
212,18637,140,47,seat,1,0,36,0,34,0.3111,0,0,0,3000
213,18637,140,46,seat,1,0,32,0,31,0.2667,0,0,0,3000
214,18637,140,47,seat,1,0,36,0,34,0.3111,0,0,0,3150
215,18787,174,42,seat,1,0,1,0,1,0.7234,0,0,0,3000
216,18787,138,40,seat,1,1,4,0,3,0.1935,61522,153806,4,5213
217,18787,140,46,seat,1,0,29,0,29,0.2889,0,0,0,2550
220,18787,138,40,seat,1,0,4,0,3,0.1935,0,0,0,213
221,18787,140,47,seat,1,0,36,0,35,0.3333,0,0,0,1650
222,18787,139,29,seat,0,0,0,0,0,0.9318,0,169187,1,5213
223,18787,168,39,seat,1,0,5,0,5,0.6327,0,0,0,1650
224,18787,174,42,seat,1,0,1,0,1,0.7234,0,0,0,1650
225,18787,140,47,seat,1,0,36,0,35,0.3333,0,0,0,1650
226,18787,139,29,seat,0,0,0,0,0,0.9318,0,0,0,1650
227,18787,174,42,seat,1,0,1,0,1,0.7234,0,0,0,1650
228,18787,140,46,seat,1,0,29,0,29,0.2889,0,0,0,1050
229,18787,140,47,seat,1,0,36,0,35,0.3333,0,0,0,1800
230,18787,139,29,seat,0,0,0,0,0,0.9318,0,0,0,1800
231,18787,168,39,seat,1,0,5,0,5,0.6327,0,0,0,1800
232,18787,174,42,seat,1,0,1,0,1,0.7234,0,0,0,1800
233,18937,140,46,seat,1,0,30,0,30,0.2667,0,0,0,1650
234,18937,140,47,seat,1,0,36,0,35,0.3111,0,0,0,1650
235,18937,139,29,seat,0,0,2,0,2,0.7955,0,0,0,1650
236,18937,174,42,seat,1,0,1,0,1,0.6596,0,0,0,1650
237,18937,140,46,seat,1,0,30,0,30,0.2667,0,0,0,2250
238,18937,140,47,seat,1,0,36,0,35,0.3111,0,0,0,1650
239,18937,139,29,seat,0,0,2,0,2,0.7955,0,0,0,1650
240,18937,174,42,seat,1,0,1,0,1,0.6596,0,0,0,1650
241,18937,140,47,seat,1,0,36,0,35,0.3111,0,0,0,2250
242,18937,139,29,seat,0,0,2,0,2,0.7955,0,0,0,3000
243,18937,174,42,seat,1,0,1,0,1,0.6596,0,0,0,3000
244,18937,140,47,seat,1,0,36,0,35,0.3111,0,0,0,300
245,18937,139,29,seat,0,0,2,0,2,0.7955,0,0,0,1650
246,18937,140,47,seat,1,0,36,0,35,0.3111,0,0,0,1350
247,18937,139,29,seat,1,0,2,0,2,0.7955,0,0,0,3300
248,18937,140,46,seat,1,0,30,0,30,0.2667,0,0,0,1650
249,18937,140,47,seat,1,0,36,0,35,0.3111,0,0,0,1650
250,18937,139,30,seat,1,0,8,0,8,0.6429,0,0,0,4050
251,18937,168,39,seat,1,0,5,0,4,0.5714,0,0,0,1650
252,18937,174,42,seat,1,0,1,0,1,0.6596,0,0,0,1650
260,19087,168,39,seat,1,0,5,0,5,0.5918,0,0,0,1800
218,19087,139,25,seat,0,0,0,0,0,0.9688,0,0,0,1113
253,19087,140,47,seat,1,0,37,0,36,0.2889,0,0,0,1800
254,19087,139,30,seat,1,0,8,0,8,0.6667,0,0,0,1800
255,19087,168,39,seat,1,0,5,0,5,0.5918,0,0,0,1800
256,19087,174,42,seat,1,0,1,0,1,0.6596,0,0,0,3750
257,19087,140,46,seat,1,0,27,0,27,0.2889,0,0,0,1350
258,19087,140,47,seat,1,0,37,0,36,0.2889,0,0,0,1800
259,19087,139,30,seat,1,0,8,0,8,0.6667,0,0,0,1800
261,19087,140,47,seat,1,0,37,0,36,0.2889,0,0,0,3750
262,19087,139,30,seat,1,0,8,0,8,0.6667,0,0,0,2850
263,19087,139,30,seat,1,0,8,0,8,0.6667,0,0,0,1650
264,19087,139,30,seat,1,0,8,0,8,0.6667,0,0,0,1650
265,19087,140,46,seat,1,0,27,0,27,0.2889,0,0,0,1650
266,19087,140,47,seat,1,0,37,0,36,0.2889,0,0,0,1050
267,19087,167,41,seat,1,0,13,0,11,0.4762,0,0,0,1650
268,19087,139,30,seat,1,0,8,0,8,0.6667,0,0,0,1650
269,19087,144,35,seat,1,0,6,0,6,0.2683,0,0,0,1650
287,19200,170,39,land,0,0,16,0,14,0.5306,0,0,0,4800
270,19237,138,40,seat,1,0,4,0,3,0.1935,0,0,0,3150
271,19237,140,46,seat,1,0,33,0,32,0.2444,0,0,0,2100
272,19237,140,47,seat,1,0,35,0,34,0.2889,0,0,0,1500
273,19237,141,53,seat,1,0,5,0,5,0.3953,0,0,0,3300
274,19237,167,41,seat,1,0,13,0,12,0.3333,0,0,0,2250
275,19237,139,30,seat,1,0,8,0,8,0.5952,0,0,0,3000
276,19237,144,35,seat,1,0,6,0,6,0.1951,0,0,0,1500
277,19237,140,47,seat,1,0,35,0,34,0.2889,0,0,0,1800
278,19237,141,53,seat,1,0,5,0,5,0.3953,0,0,0,1800
279,19237,144,35,seat,1,0,6,0,6,0.1951,0,0,0,1800
280,19237,140,47,seat,1,0,35,0,34,0.2889,0,0,0,1050
281,19237,141,53,seat,1,0,5,0,5,0.3953,0,0,0,1950
282,19237,144,35,seat,1,0,6,0,6,0.1951,0,0,0,2850
283,19237,140,47,seat,1,0,35,0,34,0.2889,0,0,0,1500
284,19237,141,53,seat,1,0,5,0,5,0.3953,0,0,0,163
285,19237,168,39,seat,1,0,5,0,5,0.5510,0,0,0,3150
286,19237,140,47,seat,1,0,35,0,34,0.2889,0,0,0,1800
288,19237,140,47,seat,1,0,35,0,34,0.2889,0,0,0,1800
289,19387,138,40,seat,1,0,4,0,4,0.2258,0,0,0,1650
290,19387,140,46,seat,1,0,35,0,34,0.3111,0,0,0,1350
291,19387,140,47,seat,1,1,37,0,37,0.3333,292232,492180,5,4613
292,19387,144,35,seat,1,0,6,0,6,0.1707,0,0,0,1650
293,19387,138,40,seat,1,0,4,0,4,0.2258,0,0,0,3900
294,19387,140,45,seat,1,0,61,0,59,0.2889,0,0,0,1200
295,19387,144,35,seat,1,0,6,0,6,0.1707,0,0,1,4613
296,19387,140,45,seat,1,0,61,0,59,0.2889,0,0,0,1350
297,19387,144,35,seat,1,0,6,0,6,0.1707,0,0,0,913
298,19387,140,45,seat,1,0,61,0,59,0.2889,0,0,0,750
299,19387,144,35,seat,1,0,6,0,6,0.1707,0,0,0,750
300,19400,169,37,land,0,0,12,0,11,0.7451,0,0,0,4600
301,19537,140,46,seat,1,0,36,0,35,0.0000,0,0,0,1200
302,19537,140,46,seat,1,0,36,0,35,0.0000,0,0,0,1800
303,19537,168,39,seat,1,0,5,0,5,0.5918,0,0,0,163
304,19537,140,45,seat,1,0,59,0,58,0.0222,0,0,0,1200
305,19537,140,45,seat,1,0,59,0,58,0.0222,0,0,0,600
310,19600,171,39,land,0,0,14,0,13,0.5918,0,0,0,4400
306,19687,140,45,seat,1,0,57,0,56,0.1778,0,0,0,1050
307,19687,140,45,seat,1,0,57,0,56,0.1778,0,0,0,513
308,19687,140,46,seat,1,0,36,0,35,0.2000,0,0,0,900
309,19687,168,39,seat,1,0,5,0,5,0.5714,0,0,0,1650
311,19687,140,46,seat,1,0,36,0,35,0.2000,0,0,0,900
312,19687,140,46,seat,1,0,36,0,35,0.2000,0,0,0,1050
313,19687,147,36,seat,1,0,22,0,22,0.3061,0,0,0,2250
314,19687,140,46,seat,1,0,36,0,35,0.2000,0,0,0,1050
319,19837,135,32,seat,0,1,15,0,15,0.5366,169187,169187,1,4163
316,19837,140,46,seat,1,0,38,0,36,0.2000,0,0,0,900
317,19837,135,33,seat,0,0,1,0,1,0.4848,0,0,0,1800
318,19837,140,46,seat,1,0,38,0,36,0.2000,0,0,0,3900
320,19837,140,46,seat,1,0,38,0,36,0.2000,0,0,0,900
321,19837,135,33,seat,0,0,1,0,1,0.4848,0,0,0,900
322,19837,135,33,seat,1,0,1,0,1,0.4848,0,0,0,900
323,19837,140,47,seat,1,0,37,0,36,0.2444,0,0,0,900
324,19837,135,33,seat,1,0,1,0,1,0.4848,0,0,0,900
325,19837,140,46,seat,1,0,38,0,36,0.2000,0,0,0,450
326,19837,140,47,seat,1,0,37,0,36,0.2444,0,0,0,2550
327,19837,147,36,seat,1,0,18,0,18,0.3673,0,0,0,1050
328,19837,168,39,seat,1,0,5,0,5,0.5714,0,0,0,163
329,19837,144,35,seat,1,0,8,0,8,0.2927,0,0,0,163
330,19837,135,33,seat,1,0,1,0,1,0.4848,0,0,0,900
331,19987,119,28,seat,0,1,0,0,0,0.9143,138426,1030501,1,4013
332,19987,140,47,seat,1,0,37,0,36,0.2889,0,0,0,2250
333,19987,147,36,seat,1,0,18,0,18,0.4490,0,0,0,2100
334,19987,135,33,seat,1,0,1,0,1,0.0606,0,0,0,1950
335,19987,147,36,seat,1,0,18,0,18,0.4490,0,0,0,1200
336,19987,135,33,seat,1,0,1,0,1,0.0606,0,0,0,750
337,19987,141,54,seat,1,0,5,0,5,0.3256,0,0,0,3450
338,19987,147,36,seat,1,0,18,0,18,0.4490,0,0,0,2250
339,19987,135,33,seat,1,0,1,0,1,0.0606,0,0,0,750
340,19987,174,42,seat,1,0,1,0,1,0.5319,0,0,0,1800
341,19987,135,33,seat,1,0,1,0,1,0.0606,0,0,0,750
342,19987,174,42,seat,1,0,1,0,1,0.5319,0,0,0,3300
343,19987,135,33,seat,1,0,1,0,1,0.0606,0,0,0,750
344,19987,135,33,seat,1,0,1,0,1,0.0606,0,0,0,750
345,20137,135,33,seat,1,0,1,0,1,0.0606,0,0,0,3750
346,20137,138,40,seat,1,0,4,0,3,0.0645,0,0,0,1050
347,20137,140,46,seat,1,0,37,0,34,0.0000,0,0,0,3863
348,20137,168,39,seat,1,0,6,0,6,0.5918,0,0,0,1650
349,20137,167,41,seat,1,0,14,0,11,0.5000,0,61522,1,3863
350,20287,138,40,seat,1,0,4,0,3,0.1935,0,0,0,2700
352,20287,151,33,seat,0,0,1,0,1,0.4706,0,0,0,2250
353,20287,174,42,seat,1,0,1,0,1,0.5319,0,0,0,3300
354,20287,139,29,seat,1,0,8,0,8,0.3636,0,0,0,1763
355,20287,151,33,seat,0,0,1,0,1,0.4706,0,0,0,450
356,20287,151,33,seat,0,0,1,0,1,0.4706,0,0,0,450
357,20287,151,33,seat,0,0,1,0,1,0.4706,0,0,0,2550
358,20287,140,44,seat,1,0,67,0,56,0.0909,0,0,0,3000
359,20287,151,33,seat,0,1,1,0,1,0.4706,92284,92284,2,3713
360,20437,168,39,seat,1,0,6,0,6,0.5714,0,0,0,1650
361,20437,174,42,seat,1,0,1,0,1,0.6383,0,0,0,1650
362,20437,139,29,seat,1,0,8,0,8,0.5227,0,0,0,450
363,20437,168,39,seat,1,0,6,0,6,0.5714,0,0,0,1650
364,20437,174,42,seat,1,0,1,0,1,0.6383,0,0,0,1650
365,20437,138,40,seat,1,0,4,0,3,0.0000,0,0,0,113
366,20437,140,47,seat,1,0,38,0,34,0.0222,0,0,2,3563
367,20437,168,39,seat,1,0,6,0,6,0.5714,0,0,0,113
368,20437,174,42,seat,1,0,1,0,1,0.6383,0,0,0,3000
369,20437,144,35,seat,1,0,11,0,10,0.2683,0,0,0,2850
373,20500,175,43,land,0,0,16,0,16,0.6889,0,0,0,3500
374,20500,135,46,land,0,0,0,0,0,0.5778,0,0,0,3500
370,20587,138,40,seat,1,0,5,0,4,0.0000,0,0,0,113
371,20587,147,36,seat,1,0,16,0,14,0.1837,0,0,0,113
372,20587,60,39,seat,0,0,0,0,0,0.8333,0,0,0,1650
375,20587,174,33,seat,0,0,0,0,0,0.9804,0,0,1,3413
376,20587,140,47,seat,1,0,34,0,29,0.0222,0,0,0,1650
377,20587,174,33,seat,0,0,0,0,0,0.9804,0,0,0,1650
378,20587,140,47,seat,1,0,34,0,29,0.0222,0,0,0,1650
379,20587,174,33,seat,0,0,0,0,0,0.9804,0,0,0,1650
380,20587,140,46,seat,1,0,34,0,31,0.0444,0,0,0,2400
381,20587,140,47,seat,1,0,34,0,29,0.0222,0,0,0,3300
382,20587,174,33,seat,0,0,0,0,0,0.9804,0,0,1,3413
383,20587,139,30,seat,1,0,6,0,6,0.4524,0,0,0,2700
384,20587,168,39,seat,1,0,6,0,6,0.6122,0,0,0,113
385,20587,174,42,seat,1,0,1,0,1,0.5745,0,0,0,3150
393,20600,136,48,land,0,0,0,0,0,0.6444,0,0,1,3400
426,20700,174,44,land,0,0,18,0,18,0.6667,0,0,0,3300
427,20700,135,47,land,0,0,0,0,0,0.7556,0,0,0,3300
404,20737,168,39,seat,1,0,6,0,6,0.5918,0,0,1,3263
386,20737,139,43,seat,1,0,40,0,33,0.2444,0,0,0,1713
387,20737,140,47,seat,1,0,23,0,20,0.1556,0,0,0,1500
388,20737,174,33,seat,0,0,0,0,0,0.9804,0,0,0,1500
389,20737,147,36,seat,1,0,14,0,13,0.3469,0,0,0,1500
390,20737,139,30,seat,1,0,6,0,6,0.3810,0,0,0,1500
391,20737,168,39,seat,1,0,6,0,6,0.5918,0,0,0,1500
392,20737,174,42,seat,1,0,1,0,1,0.6383,0,0,0,1500
394,20737,140,47,seat,1,0,23,0,20,0.1556,0,0,0,1350
395,20737,174,33,seat,1,0,0,0,0,0.9804,0,0,0,1800
396,20737,139,30,seat,1,0,6,0,6,0.3810,0,0,0,113
397,20737,174,42,seat,1,0,1,0,1,0.6383,0,0,0,1800
400,20737,138,40,seat,1,0,10,0,9,0.2258,0,0,0,600
401,20737,138,41,seat,1,0,18,0,13,0.2564,0,0,0,150
402,20737,140,47,seat,1,0,23,0,20,0.1556,0,0,0,1650
403,20737,174,33,seat,1,0,0,0,0,0.9804,0,0,0,1800
405,20737,151,34,seat,1,0,2,0,2,0.5263,0,0,0,1650
406,20737,171,49,seat,0,0,1,1,0,0.5152,0,0,2,3263
407,20737,174,42,seat,1,0,1,0,1,0.6383,0,0,0,1800
408,20737,147,51,seat,0,0,1,1,0,0.6579,0,0,1,3263
409,20737,135,33,seat,1,0,1,0,1,0.3333,0,0,0,1650
410,20737,138,41,seat,1,0,18,0,13,0.2564,0,0,0,1200
411,20737,140,47,seat,1,0,23,0,20,0.1556,0,0,0,1650
412,20737,174,33,seat,1,0,0,0,0,0.9804,0,0,0,1800
413,20737,151,34,seat,1,0,2,0,2,0.5263,0,0,0,1650
414,20737,171,49,seat,0,0,1,1,0,0.5152,0,0,0,1650
415,20737,174,42,seat,1,0,1,0,1,0.6383,0,0,1,3263
416,20737,147,51,seat,0,0,1,1,0,0.6579,0,0,0,1200
417,20737,135,33,seat,1,0,1,0,1,0.3333,0,0,0,1650
418,20737,138,41,seat,1,0,18,0,13,0.2564,0,0,0,1650
419,20737,140,47,seat,1,0,23,0,20,0.1556,0,0,0,1650
420,20737,174,33,seat,1,0,0,0,0,0.9804,0,0,0,1650
421,20737,147,36,seat,1,0,14,0,13,0.3469,0,0,0,1050
422,20737,151,34,seat,1,0,2,0,2,0.5263,0,0,0,113
423,20737,171,49,seat,0,0,1,1,0,0.5152,0,0,0,1650
424,20737,147,51,seat,0,0,1,1,0,0.6579,0,0,0,1200
425,20737,135,33,seat,1,0,1,0,1,0.3333,0,0,0,1650
428,20737,138,41,seat,1,0,18,0,13,0.2564,0,0,0,2400
429,20737,140,47,seat,1,0,23,0,20,0.1556,0,0,0,1950
430,20737,174,33,seat,1,0,0,0,0,0.9804,0,0,1,3263
431,20737,171,49,seat,0,0,1,1,0,0.5152,0,0,0,2850
432,20737,147,51,seat,0,0,1,1,0,0.6579,0,138426,1,3263
433,20737,135,33,seat,1,0,1,0,1,0.3333,0,0,0,1650
315,20737,135,32,seat,0,0,16,0,16,0.4390,0,0,0,450
458,20800,138,48,land,0,0,51,0,41,0.4889,0,0,0,3200
398,20880,145,51,seat,0,0,4,0,4,0.5750,0,0,0,1657
399,20880,171,46,seat,0,0,9,0,9,0.4878,0,0,0,1657
455,20887,168,39,seat,1,0,6,0,5,0.5918,0,0,0,1800
437,20887,167,41,seat,1,0,16,0,13,0.3333,0,0,1,3113
471,20887,138,41,seat,1,0,19,0,14,0.1282,0,0,0,113
434,20887,138,41,seat,1,0,19,0,14,0.1282,0,0,0,1350
435,20887,140,47,seat,1,0,23,0,21,0.1778,0,0,0,1500
436,20887,141,54,seat,1,0,5,0,5,0.2326,0,0,0,2100
438,20887,174,33,seat,1,0,0,0,0,0.9804,0,0,0,1500
439,20887,139,30,seat,1,0,6,0,6,0.4048,0,0,0,1500
440,20887,171,49,seat,0,0,1,0,1,0.5152,0,0,0,1500
441,20887,146,36,seat,1,0,24,0,19,0.2340,0,0,0,150
442,20887,135,33,seat,1,0,1,0,1,0.3030,0,0,0,1350
443,20887,138,41,seat,1,0,19,0,14,0.1282,0,0,0,1500
444,20887,140,47,seat,1,0,23,0,21,0.1778,0,0,0,1500
445,20887,174,33,seat,1,0,0,0,0,0.9804,0,0,0,1800
446,20887,139,30,seat,1,0,6,0,6,0.4048,0,0,0,1800
447,20887,168,39,seat,1,0,6,0,5,0.5918,0,0,0,263
448,20887,171,49,seat,1,0,1,0,1,0.5152,0,0,0,1800
449,20887,146,36,seat,1,0,24,0,19,0.2340,0,0,0,113
450,20887,135,33,seat,1,0,1,0,1,0.3030,0,0,0,1500
451,20887,138,41,seat,1,0,19,0,14,0.1282,0,0,0,1500
452,20887,140,47,seat,1,0,23,0,21,0.1778,0,0,0,1500
453,20887,174,33,seat,1,0,0,0,0,0.9804,0,0,0,1800
454,20887,139,30,seat,1,0,6,0,6,0.4048,0,0,0,1800
456,20887,171,49,seat,1,0,1,0,1,0.5152,0,0,0,1800
457,20887,135,33,seat,1,0,1,0,1,0.3030,0,0,0,1500
459,20887,138,41,seat,1,0,19,0,14,0.1282,0,0,1,3113
460,20887,140,47,seat,1,0,23,0,21,0.1778,0,138426,1,3113
461,20887,174,33,seat,1,0,0,0,0,0.9804,0,0,0,1800
462,20887,139,30,seat,1,0,6,0,6,0.4048,0,0,0,263
463,20887,171,49,seat,1,0,1,0,1,0.5152,0,0,1,3113
464,20887,135,33,seat,1,0,1,0,1,0.3030,0,0,0,1200
465,20887,138,40,seat,1,0,15,0,13,0.0968,0,0,0,450
466,20887,138,41,seat,1,0,19,0,14,0.1282,0,0,0,263
467,20887,174,33,seat,1,0,0,0,0,0.9804,0,0,1,3113
468,20887,139,30,seat,1,0,6,0,6,0.4048,0,0,0,113
469,20887,171,49,seat,1,1,1,0,1,0.5152,76903,76903,1,3113
470,20887,135,33,seat,1,1,1,0,1,0.3030,153806,153806,3,3113
475,20900,173,45,land,0,0,18,0,18,0.6000,0,0,0,3100
476,20900,136,46,land,0,0,0,0,0,0.6889,0,0,0,3100
474,21037,146,36,seat,1,0,23,0,18,0.1702,0,0,0,113
473,21037,140,46,seat,1,0,33,0,31,0.2667,0,0,0,1350
477,21037,140,46,seat,1,0,33,0,31,0.2667,0,0,0,1050
478,21037,144,35,seat,1,0,15,0,11,0.2439,0,0,0,450
479,21037,140,47,seat,1,0,23,0,22,0.3111,0,0,0,1350
480,21037,141,54,seat,1,0,3,0,3,0.2558,0,0,0,2550
481,21037,151,33,seat,1,0,4,0,4,0.5294,0,0,2,2963
482,21037,144,35,seat,1,0,15,0,11,0.2439,0,0,0,1350
483,21037,140,47,seat,1,0,23,0,22,0.3111,0,0,0,1350
484,21037,144,35,seat,1,0,15,0,11,0.2439,0,1030501,1,2963
485,21037,140,47,seat,1,0,23,0,22,0.3111,0,0,0,1650
486,21037,140,46,seat,1,0,33,0,31,0.2667,0,0,0,1350
487,21037,167,41,seat,1,0,16,0,13,0.4762,0,0,0,1500
488,21037,139,30,seat,1,0,6,0,6,0.2381,0,0,2,2963
497,21187,140,47,seat,1,0,23,0,22,0.2889,0,0,0,113
501,21187,138,40,seat,1,0,15,0,11,0.1613,0,0,0,113
504,21187,147,36,seat,1,0,16,0,13,0.3061,0,0,0,750
489,21187,140,46,seat,1,0,34,0,31,0.2444,0,0,0,1050
490,21187,140,47,seat,1,0,23,0,22,0.2889,0,0,0,2400
491,21187,141,54,seat,1,0,4,0,4,0.2791,0,0,1,2813
492,21187,32,24,seat,0,0,0,0,0,0.8824,0,0,0,2250
493,21187,80,81,seat,0,1,0,0,0,0.9773,446038,553702,2,2813
503,21187,131,25,seat,0,1,4,0,4,0.7400,645986,1030501,3,2813
498,21187,135,58,seat,0,0,1,1,0,0.9730,0,0,2,2813
499,21187,131,24,seat,0,0,1,0,1,0.7234,0,0,1,2813
500,21187,146,36,seat,1,0,22,0,18,0.3191,0,0,0,2250
502,21187,135,58,seat,0,0,1,1,0,0.9730,0,0,2,2813
505,21187,146,28,seat,0,0,0,0,0,1.0000,0,0,1,2813
506,21187,135,58,seat,0,0,1,1,0,0.9730,0,0,0,750
507,21187,131,24,seat,0,0,1,0,1,0.7234,0,0,0,1350
508,21187,146,28,seat,0,0,0,0,0,1.0000,0,0,0,1800
509,21187,146,36,seat,1,0,22,0,18,0.3191,0,0,0,2550
516,21200,169,46,land,0,0,10,0,10,0.5000,0,0,0,2800
530,21337,168,39,seat,1,0,6,0,4,0.6327,0,0,0,1650
521,21337,140,46,seat,1,0,34,0,30,0.2889,0,0,1,2663
528,21337,146,36,seat,1,0,22,0,18,0.2766,0,0,0,1050
494,21337,137,59,seat,0,0,6,0,6,0.9189,0,0,0,2400
510,21337,178,43,seat,0,0,0,0,0,0.6216,0,0,1,2663
511,21337,135,58,seat,1,0,1,0,1,0.9730,0,0,0,600
512,21337,139,54,seat,1,1,9,0,9,0.3721,76903,215329,1,2663
513,21337,131,24,seat,1,0,1,0,1,0.2766,0,0,1,2663
514,21337,178,43,seat,0,0,0,0,0,0.6216,0,0,0,1200
515,21337,146,28,seat,0,0,0,0,0,0.9375,0,0,0,1650
517,21337,135,58,seat,1,0,1,0,1,0.9730,0,0,0,600
518,21337,131,24,seat,1,0,1,0,1,0.2766,0,0,1,2663
519,21337,178,43,seat,0,0,0,0,0,0.6216,0,0,0,1200
520,21337,146,28,seat,0,0,0,0,0,0.9375,0,0,0,1650
522,21337,135,58,seat,1,0,1,0,1,0.9730,0,0,0,450
523,21337,131,24,seat,1,0,1,0,1,0.2766,0,0,0,1500
524,21337,178,43,seat,0,0,0,0,0,0.6216,0,0,0,1200
525,21337,146,28,seat,0,0,0,0,0,0.9375,0,0,0,1650
526,21337,131,24,seat,1,0,1,0,1,0.2766,0,0,0,1650
527,21337,178,43,seat,0,0,0,0,0,0.6216,0,0,0,1200
529,21337,146,28,seat,0,0,0,0,0,0.9375,0,0,0,1800
531,21337,131,24,seat,1,0,1,0,1,0.2766,0,0,0,1650
532,21337,178,43,seat,0,0,0,0,0,0.6216,0,0,0,2100
533,21337,146,28,seat,0,0,0,0,0,0.9375,0,1030501,1,2663
534,21337,139,29,seat,1,0,12,0,10,0.5000,0,0,0,450
535,21337,120,30,seat,0,0,1,0,1,0.7750,0,92284,1,2663
536,21337,140,46,seat,1,0,34,0,30,0.2889,0,0,0,1050
537,21337,131,24,seat,1,0,1,0,1,0.2766,0,0,0,450
538,21337,178,43,seat,0,0,0,0,0,0.6216,0,0,0,1200
539,21337,147,36,seat,1,0,15,0,13,0.2653,0,0,0,2400
540,21337,146,28,seat,0,0,0,0,0,0.9375,0,0,0,1800
541,21337,168,39,seat,1,0,6,0,4,0.6327,0,0,0,1650
553,21400,169,45,land,0,0,1,0,1,0.4375,0,0,0,2600
554,21487,140,47,seat,1,0,24,0,21,0.3111,0,0,0,300
558,21487,147,36,seat,1,0,15,0,13,0.6122,0,0,0,363
542,21487,140,46,seat,1,0,35,0,32,0.2889,0,0,1,2513
543,21487,131,24,seat,1,0,1,0,1,0.4043,0,0,0,1500
544,21487,178,43,seat,1,0,2,0,2,0.4054,0,0,0,1050
545,21487,146,28,seat,1,0,0,0,0,0.9375,0,0,0,1650
546,21487,131,24,seat,1,0,1,0,1,0.4043,0,0,0,1500
547,21487,178,43,seat,1,1,2,0,2,0.4054,123045,123045,2,2513
548,21487,147,36,seat,1,0,15,0,13,0.6122,0,0,0,663
549,21487,146,28,seat,1,0,0,0,0,0.9375,0,0,0,1650
550,21487,131,24,seat,1,0,1,0,1,0.4043,0,0,0,1050
551,21487,181,43,seat,0,0,9,0,9,0.6389,0,30761,1,2513
552,21487,146,28,seat,1,0,0,0,0,0.9375,0,1030501,1,2513
555,21487,131,24,seat,1,0,1,0,1,0.4043,0,0,0,1500
556,21487,181,43,seat,0,0,9,0,9,0.6389,0,0,1,2513
557,21487,131,24,seat,1,0,1,0,1,0.4043,0,0,0,2250
559,21487,156,33,seat,0,1,2,0,2,0.9429,92284,215329,2,2513
560,21487,138,40,seat,1,0,15,0,10,0.0968,0,0,0,213
561,21487,131,24,seat,1,0,1,0,1,0.4043,0,0,0,1500
562,21487,158,32,seat,0,0,1,0,1,1.0000,0,107664,1,2513
568,21500,158,32,land,0,0,1,0,1,1.0000,0,0,1,2500
569,21500,148,37,land,0,0,18,0,15,0.7143,0,0,0,2500
579,21600,177,33,land,0,0,16,0,15,0.9412,0,0,0,2400
563,21637,140,46,seat,1,0,35,0,33,0.1556,0,0,2,2363
570,21637,138,41,seat,1,0,18,0,11,0.0769,0,0,1,2363
564,21637,131,24,seat,1,0,1,0,1,0.3617,0,0,0,1350
565,21637,146,28,seat,1,0,0,0,0,0.9375,0,0,1,2363
566,21637,168,39,seat,1,0,6,0,4,0.6327,0,61522,1,2363
567,21637,158,32,seat,0,0,1,0,1,0.6744,0,0,0,300
571,21637,131,24,seat,1,0,1,0,1,0.3617,0,0,3,2363
574,21637,174,42,seat,1,0,1,0,1,0.5957,0,0,0,2363
576,21637,140,45,seat,1,0,55,0,45,0.0889,0,0,0,1350
577,21637,140,47,seat,1,0,22,0,19,0.1778,0,0,0,1800
578,21637,158,32,seat,0,0,1,0,1,0.6744,0,0,0,1650
583,21637,175,27,seat,0,0,1,0,1,1.0000,0,169187,1,2363
584,21637,138,42,seat,1,0,27,0,17,0.1111,0,0,0,900
585,21637,131,24,seat,1,0,1,0,1,0.3617,0,0,1,2363
586,21637,158,32,seat,1,0,1,0,1,0.6744,0,0,0,1800
601,21700,168,37,land,0,0,15,0,12,0.8039,0,0,0,2300
472,21744,73,60,seat,0,1,0,0,0,1.0000,46142,46142,1,2256
603,21787,139,43,seat,1,0,46,0,38,0.1111,0,0,0,1050
587,21787,70,91,seat,0,1,0,0,0,0.8710,76903,553702,1,2213
588,21787,112,54,seat,0,1,0,0,0,0.7692,353754,353754,1,2213
589,21787,175,27,seat,0,0,1,1,0,0.9841,0,0,0,750
590,21787,138,42,seat,1,0,26,0,19,0.1556,0,0,0,750
591,21787,158,32,seat,1,0,1,0,1,0.6744,0,0,0,1650
592,21787,175,27,seat,0,0,1,1,0,0.9841,0,0,0,750
593,21787,138,42,seat,1,0,26,0,19,0.1556,0,0,0,750
594,21787,168,39,seat,1,0,6,0,4,0.6122,0,61522,1,2213
595,21787,174,42,seat,1,0,1,0,1,0.4894,0,0,0,1200
596,21787,158,32,seat,1,0,1,0,1,0.6744,0,0,0,1650
597,21787,175,27,seat,0,0,1,1,0,0.9841,0,0,0,750
598,21787,138,42,seat,1,0,26,0,19,0.1556,0,0,0,750
599,21787,174,42,seat,1,0,1,0,1,0.4894,0,46142,1,2213
600,21787,158,32,seat,1,0,1,0,1,0.6744,0,0,0,2100
602,21787,175,27,seat,0,0,1,1,0,0.9841,0,0,1,2213
604,21787,175,27,seat,0,0,1,1,0,0.9841,0,0,0,750
605,21787,138,42,seat,1,0,26,0,19,0.1556,0,0,0,2100
606,21787,146,36,seat,1,0,23,0,19,0.1915,0,0,0,600
607,21787,175,27,seat,1,0,1,1,0,0.9841,0,0,0,750
608,21787,138,40,seat,1,0,19,0,17,0.0323,0,0,0,1200
612,21800,172,34,land,0,0,15,0,15,0.7255,0,0,0,2200
635,21900,169,36,land,0,0,14,0,12,0.8235,0,0,0,2100
619,21937,140,46,seat,1,0,35,0,33,0.3111,0,0,1,2063
581,21937,177,30,seat,0,1,9,0,9,0.9123,261470,338374,1,2063
609,21937,175,27,seat,1,0,4,0,4,0.9048,0,0,0,600
610,21937,138,40,seat,1,0,18,0,17,0.1935,0,0,1,2063
611,21937,173,50,seat,0,1,9,0,9,0.5714,30761,30761,2,2063
613,21937,175,27,seat,1,0,4,0,4,0.9048,0,0,0,600
614,21937,138,40,seat,1,0,18,0,17,0.1935,0,0,0,1050
615,21937,140,44,seat,1,0,63,0,55,0.3182,0,0,0,863
616,21937,174,27,seat,0,0,9,0,9,0.9048,0,169187,1,2063
617,21937,138,40,seat,1,0,18,0,17,0.1935,0,0,0,1050
618,21937,80,79,seat,0,0,1,0,1,0.8000,0,0,1,2063
620,21937,137,60,seat,1,1,4,0,3,0.6216,199948,492180,3,2063
621,21937,151,33,seat,1,0,3,0,3,0.3824,0,0,1,2063
622,21937,147,52,seat,1,1,3,0,3,0.4500,46142,138426,2,2063
623,21937,158,32,seat,1,0,1,0,1,0.6512,0,0,0,1650
624,21937,174,27,seat,0,0,9,0,9,0.9048,0,0,0,1800
625,21937,138,40,seat,1,0,18,0,17,0.1935,0,0,1,2063
626,21937,137,60,seat,1,0,4,0,3,0.6216,0,0,1,2063
627,21937,181,43,seat,1,0,9,0,9,0.6667,0,0,1,2063
628,21937,158,32,seat,1,1,1,0,1,0.6512,30761,30761,1,2063
629,21937,135,33,seat,1,0,1,0,1,0.1515,0,1030501,1,2063
630,21937,174,27,seat,0,0,9,0,9,0.9048,0,0,0,1350
631,21937,138,40,seat,1,0,18,0,17,0.1935,0,0,1,2063
632,21937,137,60,seat,1,0,4,0,3,0.6216,0,0,0,1500
633,21937,158,32,seat,1,0,1,0,1,0.6512,0,0,0,1050
634,21937,146,36,seat,1,0,22,0,15,0.2766,0,0,0,213
636,21937,174,42,seat,1,0,1,0,1,0.4255,0,0,1,2063
642,22000,176,33,land,0,0,16,0,16,0.9020,0,0,0,2000
637,22087,140,45,seat,1,1,54,0,44,0.0889,184567,184567,2,1913
638,22087,146,35,seat,1,0,23,0,17,0.1591,0,0,0,1200
639,22087,146,35,seat,1,0,23,0,17,0.1591,0,0,1,1913
640,22087,141,54,seat,1,1,4,0,4,0.2791,30761,138426,2,1913
641,22087,120,30,seat,1,0,1,0,1,0.7250,0,0,1,1913
643,22087,175,27,seat,1,0,4,0,4,0.6984,0,0,1,1913
644,22087,168,39,seat,1,0,6,0,4,0.5918,0,0,0,900
645,22087,168,39,seat,1,0,6,0,4,0.5918,0,0,0,450
646,22087,174,42,seat,1,0,1,0,1,0.4681,0,0,0,900
659,22100,167,37,land,0,0,14,0,13,0.7843,0,0,0,1900
667,22237,132,47,seat,0,0,7,0,7,0.6000,0,0,0,450
655,22237,148,55,seat,0,1,2,0,2,0.3846,123045,123045,1,1763
653,22237,132,48,seat,0,0,2,1,1,0.6222,0,0,2,1763
654,22237,178,33,seat,0,0,15,0,15,0.6471,0,0,1,1763
656,22237,168,39,seat,1,0,6,0,4,0.5918,0,107664,1,1763
657,22237,174,42,seat,1,0,1,0,1,0.5532,0,0,0,150
658,22237,135,19,seat,0,0,1,1,0,0.9322,0,0,0,1500
660,22237,140,47,seat,1,0,23,0,21,0.0889,0,0,1,1763
661,22237,132,48,seat,0,0,2,1,1,0.6222,0,0,0,300
662,22237,178,33,seat,0,0,15,0,15,0.6471,0,0,0,300
663,22237,135,19,seat,0,0,1,1,0,0.9322,0,0,1,1763
664,22237,132,48,seat,0,0,2,1,1,0.6222,0,0,0,300
665,22237,178,33,seat,0,0,15,0,15,0.6471,0,0,0,300
666,22237,139,30,seat,1,0,5,0,4,0.4286,0,0,0,750
668,22237,178,33,seat,0,0,15,0,15,0.6471,0,0,1,1763
669,22237,139,30,seat,1,0,5,0,4,0.4286,0,0,1,1763
670,22237,132,48,seat,0,0,2,1,1,0.6222,0,0,0,1200
671,22237,178,33,seat,0,0,15,0,15,0.6471,0,0,0,1763
672,22237,141,47,seat,1,0,46,0,37,0.1778,0,0,0,1050
673,22237,132,48,seat,1,0,2,1,1,0.6222,0,0,0,1350
674,22237,178,33,seat,1,0,15,0,15,0.6471,0,0,0,1763
675,22237,174,33,seat,1,0,7,0,7,0.7647,0,0,0,1763
676,22237,147,37,seat,1,0,23,0,15,0.3191,0,0,0,1050
677,22237,139,30,seat,1,0,5,0,4,0.4286,0,0,1,1763
678,22237,168,39,seat,1,0,6,0,4,0.5918,0,0,0,1763
679,22237,174,42,seat,1,0,1,0,1,0.5532,0,0,0,213
680,22237,93,73,seat,0,1,0,0,0,1.0000,30761,553702,0,1763
696,22300,147,28,land,0,0,12,0,12,0.9362,0,0,0,1700
697,22300,175,45,land,0,0,26,0,26,0.6250,0,0,0,1700
648,22387,139,19,seat,0,1,2,0,2,0.9365,92284,153806,2,1613
649,22387,146,56,seat,0,1,1,0,1,0.6667,61522,138426,1,1613
650,22387,133,51,seat,0,1,14,0,14,0.7778,138426,138426,1,1613
651,22387,182,35,seat,0,1,0,0,0,0.9608,169187,169187,1,1613
681,22387,141,47,seat,1,0,32,0,27,0.1111,0,0,0,450
682,22387,132,48,seat,1,0,2,0,2,0.6000,0,0,0,1200
683,22387,178,33,seat,1,0,13,0,13,0.5294,0,0,0,1613
684,22387,174,33,seat,1,0,15,0,15,0.6275,0,0,1,1613
685,22387,147,37,seat,1,0,21,0,18,0.1915,0,0,0,1200
686,22387,168,39,seat,1,0,6,0,4,0.5918,0,0,1,1613
687,22387,141,47,seat,1,0,32,0,27,0.1111,0,0,0,1050
688,22387,132,48,seat,1,0,2,0,2,0.6000,0,0,0,1200
689,22387,178,33,seat,1,0,13,0,13,0.5294,0,0,0,1613
690,22387,147,37,seat,1,0,21,0,18,0.1915,0,0,0,600
691,22387,141,47,seat,1,0,32,0,27,0.1111,0,0,0,1050
692,22387,132,48,seat,1,0,2,0,2,0.6000,0,0,1,1613
693,22387,178,33,seat,1,0,13,0,13,0.5294,0,0,1,1613
694,22387,148,36,seat,1,1,25,0,20,0.1800,46142,46142,1,1613
695,22387,139,29,seat,1,0,11,0,10,0.4773,0,0,1,1613
699,22387,80,79,seat,1,0,1,0,1,0.6667,0,0,0,450
700,22387,141,47,seat,1,0,32,0,27,0.1111,0,0,0,1200
701,22387,132,48,seat,1,0,2,0,2,0.6000,0,0,0,1200
702,22387,178,33,seat,1,0,13,0,13,0.5294,0,0,1,1613
703,22387,134,53,seat,0,1,1,0,1,1.0000,92284,92284,1,1613
704,22387,139,42,seat,1,0,28,0,23,0.0465,0,0,0,750
705,22387,140,47,seat,1,0,22,0,21,0.0667,0,0,0,1200
706,22387,132,48,seat,1,0,2,0,2,0.6000,0,0,0,1200
707,22387,178,33,seat,1,0,13,0,13,0.5294,0,0,1,1613
708,22387,147,36,seat,1,0,17,0,15,0.1633,0,0,1,1613
709,22387,168,39,seat,1,0,6,0,4,0.5918,0,0,1,1613
710,22387,144,35,seat,1,0,18,0,17,0.1951,0,0,0,213
711,22387,135,33,seat,1,0,1,0,1,0.3030,0,0,0,1200
712,22387,139,42,seat,1,0,28,0,23,0.0465,0,0,0,750
713,22387,140,47,seat,1,0,22,0,21,0.0667,0,0,0,213
714,22387,132,48,seat,1,0,2,0,2,0.6000,0,0,0,1200
715,22387,178,33,seat,1,0,13,0,13,0.5294,0,123045,1,1613
716,22387,177,33,seat,1,0,24,0,24,0.5098,0,0,0,150
717,22387,147,36,seat,1,0,17,0,15,0.1633,0,0,0,913
718,22387,173,48,seat,0,0,8,0,8,0.4167,0,0,0,1350
719,22387,135,33,seat,1,0,1,0,1,0.3030,0,0,1,1613
580,22464,136,48,seat,0,1,0,0,0,0.4444,215329,215329,2,1536
720,22537,60,36,seat,0,1,1,1,0,0.9804,107664,107664,1,1463
721,22537,139,42,seat,1,0,24,0,23,0.0930,0,0,0,600
722,22537,141,47,seat,1,0,33,0,27,0.1111,0,0,0,750
723,22537,132,48,seat,1,0,2,0,2,0.5111,0,0,0,913
724,22537,178,33,seat,1,0,13,0,13,0.3137,0,0,1,1463
725,22537,177,33,seat,1,0,21,0,21,0.3333,0,0,0,150
726,22537,147,36,seat,1,1,18,0,16,0.2041,261470,261470,4,1463
727,22537,139,30,seat,1,0,6,0,5,0.3810,0,199948,1,1463
728,22537,173,48,seat,0,0,6,0,6,0.3333,0,0,0,1200
729,22537,135,33,seat,1,0,1,0,1,0.1818,0,0,1,1463
730,22537,139,42,seat,1,0,24,0,23,0.0930,0,0,0,600
731,22537,141,47,seat,1,0,33,0,27,0.1111,0,0,0,1050
732,22537,177,33,seat,1,0,21,0,21,0.3333,0,0,0,300
733,22537,139,30,seat,1,0,6,0,5,0.3810,0,0,1,1463
734,22537,151,33,seat,1,1,2,0,1,0.2941,123045,123045,2,1463
735,22537,173,48,seat,0,0,6,0,6,0.3333,0,0,1,1463
736,22537,174,42,seat,1,0,1,0,1,0.4894,0,46142,1,1463
737,22537,147,51,seat,1,1,1,0,1,0.5000,123045,123045,1,1463
738,22537,135,33,seat,1,0,1,0,1,0.1818,0,0,1,1463
739,22537,175,27,seat,1,0,4,0,4,0.7143,0,0,1,1463
740,22537,139,42,seat,1,0,24,0,23,0.0930,0,0,0,750
741,22537,141,47,seat,1,0,33,0,27,0.1111,0,0,1,1463
742,22537,132,48,seat,1,0,2,0,2,0.5111,0,0,2,1463
743,22537,178,33,seat,1,0,13,0,13,0.3137,0,0,1,1463
744,22537,131,24,seat,1,0,1,0,1,0.3617,0,0,1,1463
745,22537,181,43,seat,1,0,3,0,3,0.6667,0,0,1,1463
746,22537,177,33,seat,1,0,21,0,21,0.3333,0,0,0,450
747,22537,139,30,seat,1,0,6,0,5,0.3810,0,0,1,1463
748,22537,168,39,seat,1,0,5,0,3,0.6122,0,107664,1,1463
749,22537,173,48,seat,0,0,6,0,6,0.3333,0,123045,1,1463
750,22537,135,33,seat,1,0,1,0,1,0.1818,0,0,2,1463
751,22537,175,27,seat,1,0,4,0,4,0.7143,0,169187,1,1463
752,22537,139,42,seat,1,0,24,0,23,0.0930,0,0,0,450
753,22537,141,47,seat,1,0,33,0,27,0.1111,0,0,0,750
754,22537,132,48,seat,1,1,2,0,2,0.5111,30761,30761,1,1463
755,22537,178,33,seat,1,0,13,0,13,0.3137,0,0,1,1463
756,22537,131,24,seat,1,0,1,0,1,0.3617,0,0,1,1463
757,22537,181,43,seat,1,0,3,0,3,0.6667,0,0,1,1463
758,22537,177,33,seat,1,0,21,0,21,0.3333,0,0,0,600
759,22537,146,35,seat,1,0,21,0,19,0.2273,0,0,0,1050
760,22537,135,33,seat,1,0,1,0,1,0.1818,0,0,0,1050
761,22537,175,27,seat,1,0,4,0,4,0.7143,0,169187,1,1463
762,22537,139,42,seat,1,0,24,0,23,0.0930,0,0,0,213
763,22537,141,47,seat,1,1,33,0,27,0.1111,46142,46142,1,1463
764,22537,181,43,seat,1,0,3,0,3,0.6667,0,0,1,1463
765,22537,177,33,seat,1,0,21,0,21,0.3333,0,0,0,750
766,22537,175,27,seat,1,0,4,0,4,0.7143,0,169187,1,1463
767,22537,138,40,seat,1,0,19,0,18,0.0323,0,0,1,1463
768,22537,138,42,seat,1,0,29,0,27,0.0222,0,0,0,600
769,22537,141,53,seat,1,0,9,0,9,0.3488,0,0,0,1050
770,22537,181,43,seat,1,0,3,0,3,0.6667,0,0,1,1463
698,22687,59,38,seat,1,1,1,0,1,0.8500,184567,184567,1,1313
771,22687,175,27,seat,1,0,4,0,4,0.7302,0,0,1,1313
772,22687,138,42,seat,1,0,29,0,28,0.1778,0,0,0,450
773,22687,140,47,seat,1,0,26,0,23,0.1556,0,0,2,1313
774,22687,141,53,seat,1,0,9,0,9,0.2791,0,0,0,450
775,22687,181,43,seat,1,0,3,0,3,0.6667,0,0,1,1313
794,22687,124,27,seat,0,1,7,0,7,0.4000,292232,292232,2,1313
780,22687,131,59,seat,0,1,1,0,1,0.8649,107664,199948,2,1313
781,22687,175,27,seat,1,0,4,0,4,0.7302,0,0,1,1313
782,22687,138,42,seat,1,0,29,0,28,0.1778,0,0,0,450
783,22687,177,33,seat,1,0,21,0,21,0.4118,0,0,0,750
784,22687,139,30,seat,1,0,6,0,6,0.3810,0,1030501,1,1313
785,22687,121,27,seat,1,0,5,0,5,0.3250,0,0,1,1313
786,22687,168,39,seat,1,0,5,0,3,0.6327,0,215329,1,1313
787,22687,173,48,seat,1,0,5,0,5,0.3611,0,0,0,1050
788,22687,146,35,seat,1,1,21,0,19,0.2045,15381,15381,1,1313
789,22687,175,27,seat,1,1,4,0,4,0.7302,169187,169187,2,1313
790,22687,138,42,seat,1,0,29,0,28,0.1778,0,0,0,600
791,22687,141,53,seat,1,0,9,0,9,0.2791,0,0,0,1113
792,22687,177,33,seat,1,0,21,0,21,0.4118,0,0,0,900
793,22687,139,30,seat,1,1,6,0,6,0.3810,15381,1030501,1,1313
795,22687,168,39,seat,1,0,5,0,3,0.6327,0,0,1,1313
796,22687,173,48,seat,1,0,5,0,5,0.3611,46142,46142,1,1200
797,22687,174,42,seat,1,0,1,0,1,0.5957,0,0,1,1313
798,22687,175,27,seat,1,0,4,0,4,0.7302,0,0,2,1313
799,22687,177,33,seat,1,0,21,0,21,0.4118,0,0,0,1050
800,22687,121,27,seat,1,0,5,0,5,0.3250,0,0,1,1313
801,22687,177,33,seat,1,0,21,0,21,0.4118,0,0,0,1200
802,22687,121,27,seat,1,0,5,0,5,0.3250,0,0,1,1313
803,22687,139,29,seat,1,0,11,0,11,0.4545,0,0,1,1313
804,22687,121,27,seat,1,0,5,0,5,0.3250,0,0,1,1313
805,22687,120,30,seat,1,1,7,0,7,0.5750,92284,92284,1,1313
582,22752,36,25,seat,0,0,1,0,1,0.9375,0,0,0,235
778,22752,160,27,seat,0,1,0,0,0,1.0000,107664,107664,1,1248
817,22800,172,40,land,0,0,17,0,16,0.6383,0,0,0,1200
818,22800,143,43,land,0,0,6,1,4,0.6053,0,0,0,1200
809,22837,139,43,seat,1,0,41,0,35,0.2000,0,0,0,750
779,22837,130,54,seat,0,1,0,0,0,0.8837,184567,184567,1,1163
806,22837,178,33,seat,1,0,15,0,15,0.3529,0,0,1,1163
807,22837,121,27,seat,1,0,5,0,5,0.1250,0,0,1,1163
808,22837,144,35,seat,1,1,19,0,19,0.2195,184567,1030501,1,1163
810,22837,121,27,seat,1,0,5,0,5,0.1250,0,0,1,1163
811,22837,121,27,seat,1,0,5,0,5,0.1250,0,0,1,1163
812,22837,80,79,seat,1,0,1,0,1,0.6667,0,553702,1,1163
813,22837,140,47,seat,1,0,26,0,22,0.0667,0,0,1,1163
814,22837,181,43,seat,1,0,3,0,3,0.6667,0,0,1,1163
815,22837,177,33,seat,1,0,21,0,21,0.3529,0,0,0,1163
816,22837,148,59,seat,0,1,0,0,0,0.8333,92284,92284,1,1163
820,22837,139,43,seat,1,0,41,0,35,0.2000,0,0,1,1163
821,22837,140,47,seat,1,0,26,0,22,0.0667,0,0,0,313
822,22837,33,23,seat,0,1,2,0,2,0.9167,107664,107664,3,1163
823,22837,135,33,seat,1,0,1,0,1,0.1212,0,1030501,1,1163
824,22837,133,82,seat,0,1,1,0,1,1.0000,92284,199948,1,1163
833,22900,123,39,land,0,0,0,0,0,1.0000,0,0,0,1100
834,22900,134,48,land,0,0,16,0,14,0.2667,0,0,0,1100
825,22987,139,29,seat,1,0,9,0,9,0.5227,0,199948,1,1013
826,22987,136,82,seat,0,0,1,0,1,0.5926,0,0,1,1013
827,22987,135,33,seat,1,1,1,0,1,0.1515,184567,184567,2,1013
828,22987,139,29,seat,1,0,9,0,9,0.5227,0,199948,1,1013
829,22987,220,76,seat,0,1,0,0,0,0.8214,61522,61522,1,1013
830,22987,131,24,seat,1,0,1,0,1,0.0851,0,0,0,450
831,22987,177,33,seat,1,0,22,0,22,0.3333,0,0,1,1013
832,22987,146,28,seat,1,0,0,0,0,0.8333,0,0,1,1013
835,22987,175,27,seat,1,0,4,0,4,0.7143,0,0,0,613
836,22987,139,43,seat,1,0,38,0,33,0.0444,0,0,2,1013
837,22987,146,28,seat,1,0,0,0,0,0.8333,0,1030501,1,1013
838,22987,138,40,seat,1,0,23,0,20,0.0645,0,0,1,1013
839,22987,141,54,seat,1,0,6,0,6,0.3256,0,0,1,1013
840,22987,131,24,seat,1,0,1,0,1,0.0851,0,0,1,1013
841,22987,146,28,seat,1,0,0,0,0,0.8333,0,0,1,1013
842,22987,139,29,seat,1,1,9,0,9,0.5227,199948,199948,1,1013
843,22987,168,39,seat,1,0,5,0,4,0.5306,0,107664,1,1013
844,22987,174,42,seat,1,0,1,0,1,0.3617,0,0,0,313
845,22987,138,40,seat,1,0,23,0,20,0.0645,0,0,1,1013
846,22987,131,24,seat,1,0,1,0,1,0.0851,0,1030501,1,1013
847,22987,167,41,seat,1,0,15,0,15,0.4286,0,0,1,1013
848,22987,168,39,seat,1,0,5,0,4,0.5306,0,0,1,1013
849,22987,174,42,seat,1,0,1,0,1,0.3617,0,0,0,163
855,23000,172,45,land,0,0,22,0,21,0.5778,0,0,0,1000
856,23000,143,44,land,0,0,26,0,21,0.4167,0,0,0,1000
819,23040,68,28,seat,0,1,0,0,0,1.0000,153806,153806,1,960
850,23137,138,40,seat,1,0,20,0,17,0.1935,0,0,1,863
851,23137,178,33,seat,1,0,15,0,15,0.2745,0,0,1,863
852,23137,131,24,seat,1,0,1,0,1,0.3191,0,0,1,863
853,23137,168,39,seat,1,1,5,0,5,0.5714,184567,215329,1,863
854,23137,135,19,seat,1,1,1,0,1,0.8136,61522,61522,1,863
857,23137,138,40,seat,1,0,20,0,17,0.1935,0,15381,1,863
858,23137,141,54,seat,1,0,5,0,5,0.3488,0,0,1,863
859,23137,131,24,seat,1,0,1,0,1,0.3191,0,0,1,863
865,23137,59,33,seat,0,0,2,0,1,0.7451,0,76903,1,863
866,23137,138,41,seat,1,0,22,0,19,0.2051,0,0,1,863
867,23137,141,54,seat,1,0,5,0,5,0.3488,0,0,1,863
868,23137,131,24,seat,1,0,1,0,1,0.3191,0,0,1,863
869,23137,174,33,seat,1,0,22,0,22,0.5882,0,338374,1,863
870,23137,121,27,seat,1,0,5,0,5,0.0500,0,0,1,863
871,23137,131,68,seat,0,0,1,0,1,1.0000,0,0,1,863
872,23137,59,33,seat,0,0,2,0,1,0.7451,0,0,0,600
873,23137,138,41,seat,1,0,22,0,19,0.2051,0,0,1,863
874,23137,80,79,seat,1,0,1,0,1,0.5556,0,553702,1,863
875,23137,131,24,seat,1,0,1,0,1,0.3191,0,0,1,863
876,23137,146,28,seat,1,0,0,0,0,0.8333,0,0,1,863
877,23137,131,68,seat,0,0,1,0,1,1.0000,0,0,1,863
878,23137,59,33,seat,0,0,2,0,1,0.7451,0,0,0,600
879,23137,138,41,seat,1,0,22,0,19,0.2051,0,0,1,863
880,23137,131,24,seat,1,1,1,0,1,0.3191,76903,76903,1,863
881,23137,146,28,seat,1,0,0,0,0,0.8333,0,0,1,863
882,23137,59,33,seat,0,0,2,0,1,0.7451,0,0,0,600
883,23137,138,41,seat,1,0,22,0,19,0.2051,0,0,1,863
884,23137,146,28,seat,1,0,0,0,0,0.8333,0,0,1,863
652,23184,73,96,seat,0,0,0,0,0,1.0000,0,0,0,703
894,23200,172,39,land,0,0,30,0,28,0.6122,0,0,0,800
890,23287,138,41,seat,1,0,21,0,19,0.1795,0,0,1,713
885,23287,59,33,seat,0,0,2,1,1,0.6863,0,0,0,450
886,23287,138,41,seat,1,0,21,0,19,0.1795,0,0,1,713
887,23287,167,41,seat,1,1,15,0,15,0.2857,169187,169187,1,713
888,23287,146,28,seat,1,1,0,0,0,0.9375,153806,153806,1,713
889,23287,59,33,seat,0,0,2,1,1,0.6863,0,76903,1,713
891,23287,59,33,seat,0,0,2,1,1,0.6863,0,0,0,450
892,23287,138,41,seat,1,0,21,0,19,0.1795,0,0,0,300
893,23287,174,33,seat,1,0,21,0,21,0.5882,0,107664,1,713
895,23287,138,40,seat,1,0,21,0,18,0.1935,0,0,0,163
896,23287,139,43,seat,1,0,35,0,30,0.1556,0,0,1,713
897,23287,140,47,seat,1,0,25,0,18,0.0000,0,138426,1,713
898,23287,174,42,seat,1,0,1,0,1,0.3404,0,0,0,163
899,23287,146,36,seat,1,0,19,0,15,0.1489,0,0,0,600
900,23287,59,33,seat,1,1,2,1,1,0.6863,76903,76903,2,713
901,23287,135,58,seat,1,1,4,0,3,0.4595,107664,107664,1,713
902,23287,58,38,seat,1,1,2,0,1,0.4878,46142,1030501,1,713
903,23287,146,36,seat,1,0,19,0,15,0.1489,0,138426,0,713
906,23300,137,52,land,0,0,2,0,2,0.3333,0,0,0,700
864,23328,217,81,seat,0,1,0,0,0,1.0000,15381,15381,1,672
908,23437,141,47,seat,1,0,32,0,24,0.2000,0,138426,1,563
909,23437,147,37,seat,1,1,20,0,18,0.2340,46142,46142,1,563
862,23437,56,34,seat,0,1,8,0,8,0.9804,246090,246090,2,563
863,23437,131,65,seat,0,1,2,0,2,0.8947,138426,230709,2,563
907,23437,130,59,seat,1,1,1,0,1,0.3784,92284,92284,1,563
910,23437,169,30,seat,0,0,3,0,3,1.0000,0,0,1,563
911,23437,80,79,seat,1,0,1,0,1,0.4444,0,0,0,300
912,23437,140,47,seat,1,0,24,0,16,0.1333,0,0,0,163
913,23437,174,33,seat,1,0,20,0,20,0.5882,0,0,1,563
914,23437,147,36,seat,1,0,18,0,16,0.1837,0,0,0,163
915,23437,171,29,seat,0,0,16,0,15,0.8305,0,0,1,563
916,23437,174,42,seat,1,0,1,0,1,0.3830,0,107664,1,563
917,23437,171,29,seat,0,0,16,0,15,0.8305,0,0,0,300
918,23437,138,42,seat,1,0,31,0,25,0.0667,0,0,1,563
919,23437,171,29,seat,0,1,16,0,15,0.8305,76903,338374,1,563
920,23437,138,42,seat,1,0,31,0,25,0.0667,0,0,0,163
921,23437,126,25,seat,1,0,20,0,16,0.1026,0,0,3,563
922,23437,69,25,seat,0,1,1,0,1,0.7885,123045,123045,1,563
923,23437,158,33,seat,1,0,7,0,6,0.6279,0,0,1,563
905,23472,206,79,seat,0,1,0,0,0,1.0000,15381,15381,1,528
904,23472,48,23,seat,0,1,0,0,0,1.0000,107664,107664,2,528
933,23500,168,44,land,0,0,5,0,5,0.5484,0,0,0,500
925,23587,148,37,seat,1,0,17,0,13,0.2449,0,0,0,213
924,23587,132,48,seat,1,0,2,0,2,0.4222,0,0,1,413
926,23587,174,42,seat,1,0,1,0,1,0.4255,0,46142,1,413
927,23587,158,33,seat,1,0,6,0,5,0.6047,0,30761,1,413
928,23587,135,33,seat,1,0,1,0,1,0.1818,0,0,2,413
929,23587,138,42,seat,1,1,30,0,24,0.0000,30761,30761,1,413
930,23587,174,33,seat,1,1,20,0,20,0.5686,107664,107664,1,413
931,23587,148,37,seat,1,0,17,0,13,0.2449,0,0,0,163
932,23587,174,42,seat,1,0,1,0,1,0.4255,0,123045,1,413
937,23587,141,54,seat,1,0,4,0,4,0.3256,0,0,1,413
938,23587,154,44,seat,0,0,1,0,1,1.0000,0,0,1,413
939,23587,138,41,seat,1,1,22,0,17,0.0256,15381,15381,1,413
940,23587,140,47,seat,1,0,19,0,14,0.0222,0,0,1,413
941,23587,132,48,seat,1,0,2,0,2,0.4222,0,0,1,413
942,23587,178,33,seat,1,0,15,0,15,0.2353,0,169187,1,413
943,23587,141,54,seat,1,1,4,0,4,0.3256,138426,215329,1,413
944,23587,173,49,seat,1,0,10,0,10,0.4848,0,0,0,163
945,23587,146,36,seat,1,0,18,0,14,0.2128,0,0,1,413
946,23587,154,44,seat,0,0,1,0,1,1.0000,0,0,1,413
947,23587,135,33,seat,1,0,1,0,1,0.1818,0,0,0,163
948,23587,140,47,seat,1,0,19,0,14,0.0222,0,0,1,413
949,23587,132,48,seat,1,0,2,0,2,0.4222,0,0,1,413
950,23587,154,44,seat,0,1,1,0,1,1.0000,76903,76903,1,413
951,23737,140,47,seat,1,0,19,0,15,0.0889,0,0,1,263
952,23737,132,48,seat,1,0,2,0,2,0.5111,0,0,1,263
953,23737,158,33,seat,1,1,6,0,5,0.6279,123045,215329,1,263
954,23737,138,41,seat,1,0,21,0,18,0.0000,0,0,0,163
955,23737,80,79,seat,1,0,1,0,1,0.4889,0,0,1,263
956,23737,140,47,seat,1,0,19,0,15,0.0889,0,0,1,263
957,23737,132,48,seat,1,0,2,0,2,0.5111,0,0,1,263
958,23737,147,36,seat,1,0,19,0,15,0.1429,0,0,0,163
959,23737,174,42,seat,1,0,1,0,1,0.3404,0,0,1,263
960,23737,60,32,seat,0,0,3,0,3,0.7170,0,0,1,263
961,23737,138,40,seat,1,0,23,0,20,0.0000,0,0,0,163
962,23737,80,79,seat,1,0,1,0,1,0.4889,0,553702,1,263
963,23737,140,47,seat,1,0,19,0,15,0.0889,0,0,1,263
964,23737,132,48,seat,1,0,2,0,2,0.5111,0,0,1,263
965,23737,181,43,seat,1,1,2,0,2,0.6667,138426,138426,1,263
966,23737,173,49,seat,1,0,7,0,7,0.5152,0,0,1,263
967,23737,174,42,seat,1,0,1,0,1,0.3404,0,0,1,263
968,23737,170,30,seat,1,1,3,0,3,0.7018,138426,138426,1,263
969,23737,146,36,seat,1,0,17,0,13,0.1277,0,0,2,263
970,23737,59,36,seat,1,1,7,0,6,0.4902,92284,92284,1,263
971,23737,60,32,seat,0,0,3,0,3,0.7170,0,0,1,263
972,23737,140,47,seat,1,0,19,0,15,0.0889,0,0,1,263
973,23737,132,48,seat,1,0,2,0,2,0.5111,0,0,1,263
974,23737,131,68,seat,1,1,1,0,1,0.6923,92284,230709,1,263
975,23737,173,49,seat,1,1,7,0,7,0.5152,123045,123045,1,263
976,23737,174,42,seat,1,1,1,0,1,0.3404,246090,246090,1,263
977,23737,60,32,seat,0,0,3,0,3,0.7170,0,0,1,263
978,23737,140,47,seat,1,0,19,0,15,0.0889,0,0,1,263
979,23737,132,48,seat,1,0,2,0,2,0.5111,0,0,1,263
980,23737,137,60,seat,1,1,5,0,4,0.5405,61522,61522,1,263
981,23737,173,49,seat,1,0,7,0,7,0.5152,0,76903,0,163
982,23737,174,42,seat,1,0,1,0,1,0.3404,0,107664,0,163
983,23737,175,27,seat,1,1,6,0,5,0.5556,30761,30761,2,263
984,23737,60,32,seat,0,0,3,0,3,0.7170,0,0,1,263
985,23737,140,47,seat,1,0,19,0,15,0.0889,0,0,1,263
986,23737,135,33,seat,1,0,1,0,1,0.2121,0,0,0,163
988,23887,141,47,seat,1,0,39,0,33,0.1778,0,0,2,113
935,23887,152,41,seat,0,1,3,0,3,0.7568,61522,61522,1,113
987,23887,60,32,seat,0,0,3,0,3,0.5660,0,0,1,113
989,23887,177,33,seat,1,1,28,0,28,0.2549,46142,46142,1,113
990,23887,138,40,seat,1,1,23,0,19,0.0000,246090,246090,1,113
991,23887,140,47,seat,1,0,17,0,14,0.1111,0,0,1,113
992,23887,136,82,seat,1,1,1,0,1,0.5926,76903,76903,1,113
993,23887,132,48,seat,1,1,2,0,2,0.4222,138426,138426,1,113
994,23887,147,36,seat,1,1,19,0,13,0.0612,246090,246090,4,113
995,23887,73,93,seat,0,1,1,0,1,0.8857,107664,107664,1,113
996,23887,140,47,seat,1,0,17,0,14,0.1111,0,0,1,113
997,23887,178,33,seat,1,1,14,0,14,0.2745,199948,199948,1,113
998,23887,140,47,seat,1,0,17,0,14,0.1111,0,0,1,113
1019,24000,170,37,land,0,0,13,0,13,0.7647,0,0,0,0
